Type,No.,d3,d3_tol_min,d3_tol_max,t,t_tol_min,t_tol_max,b_approx,a_approx,d0_min,d4,d1,d2,d2_tol_min,d2_tol_max,m,m_tol_min,m_tol_max,n_min
STWN,3,2.7,-0.15,0.04,0.25,-0.025,0.025,0.5,1.7,0.7,7,3,2.85,-0.04,0,0.35,0,0.1,0.3
STWN,4,3.7,-0.15,0.04,0.4,-0.03,0.03,0.9,2.2,0.8,9,4,3.8,-0.04,0,0.5,0,0.1,0.3
STWN,5,4.7,-0.15,0.04,0.6,-0.04,0.04,1.1,2.4,0.8,10.5,5,4.8,-0.04,0,0.7,0,0.1,0.3
STWN,6,5.6,-0.2,0.06,0.7,-0.04,0.04,1.3,2.8,1,12,6,5.7,-0.04,0,0.8,0,0.1,0.5
STWN,7,6.5,-0.2,0.06,0.8,-0.04,0.04,1.4,3,1,14,7,6.7,-0.06,0,0.9,0,0.1,0.5
STWN,8,7.4,-0.2,0.06,0.8,-0.04,0.04,1.6,3,1,15,8,7.6,-0.06,0,0.9,0,0.1,0.6
STWS (Stainless Steel),4,3.6,-0.1,0.1,0.25,-0.03,0.03,0.7,1.4,0.7,9,4,3.7,-0.06,0.06,0.3,0,0.1,1.0
STWS (Stainless Steel),5,4.5,-0.1,0.1,0.4,-0.04,0.04,0.7,1.4,0.7,10.5,5,4.7,-0.06,0.06,0.45,0,0.1,1.5
STWS (Stainless Steel),6,5.5,-0.1,0.1,0.4,-0.04,0.04,0.8,2.0,0.7,12,6,5.7,-0.06,0.06,0.45,0,0.1,1.5
STWS (Stainless Steel),7,6.3,-0.1,0.1,0.65,-0.04,0.04,0.9,2.0,1,14,7,6.5,-0.06,0.06,0.7,0,0.1,1.5
STWS (Stainless Steel),8,7.1,-0.1,0.1,0.65,-0.04,0.04,1.0,2.2,1,15,8,7.4,-0.06,0.06,0.7,0,0.1,1.5
STWN/STWS,10,9.3,-0.15,0.15,1,-0.05,0.05,1.8,3,1.2,17,10,9.6,-0.09,0,1.15,0,0.14,1.5
STWN/STWS,11,10.2,-0.15,0.15,1,-0.05,0.05,2,3.1,1.2,18,11,10.5,-0.11,0,1.15,0,0.14,1.5
STWN/STWS,12,11.1,-0.18,0.18,1,-0.05,0.05,2.1,3.2,1.5,19,12,11.5,-0.11,0,1.15,0,0.14,1.5
STWN/STWS,13,12,-0.18,0.18,1,-0.05,0.05,2.1,3.3,1.5,20,13,12.4,-0.11,0,1.15,0,0.14,1.5
STWN/STWS,14,12.9,-0.18,0.18,1,-0.05,0.05,2.2,3.4,1.7,22,14,13.4,-0.11,0,1.15,0,0.14,1.5
STWN/STWS,15,13.8,-0.18,0.18,1,-0.05,0.05,2.2,3.5,1.7,23,15,14.3,-0.11,0,1.15,0,0.14,1.5
STWN/STWS,16,14.7,-0.18,0.18,1,-0.05,0.05,2.2,3.6,1.7,24,16,15.2,-0.11,0,1.15,0,0.14,1.5
STWN/STWS,17,15.7,-0.18,0.18,1,-0.05,0.05,2.2,3.7,1.7,25,17,16.2,-0.11,0,1.15,0,0.14,1.5
STWN/STWS,18,16.5,-0.18,0.18,1.2,-0.06,0.06,2.6,3.8,1.7,26,18,17,-0.11,0,1.35,0,0.14,1.5
STWN/STWS,19,17.5,-0.18,0.18,1.2,-0.06,0.06,2.7,3.8,2,27,19,18,-0.11,0,1.35,0,0.14,1.5
STWN/STWS,20,18.5,-0.2,0.2,1.2,-0.06,0.06,2.7,3.9,2,28,20,19,-0.21,0,1.35,0,0.14,1.5
STWN/STWS,21,19.5,-0.2,0.2,1.2,-0.06,0.06,2.7,4,2,30,21,20,-0.21,0,1.35,0,0.14,1.5
STWN/STWS,22,20.5,-0.2,0.2,1.2,-0.06,0.06,2.7,4.1,2,31,22,21,-0.21,0,1.35,0,0.14,1.5
STWN/STWS,23,21.4,-0.2,0.2,1.2,-0.06,0.06,2.9,4.5,2,32.5,23,22,-0.21,0,1.35,0,0.14,1.5
STWN/STWS,24,22.2,-0.2,0.2,1.2,-0.06,0.06,3.1,4.2,2,33,24,22.9,-0.21,0,1.35,0,0.14,1.5
STWN/STWS,25,23.2,-0.2,0.2,1.2,-0.06,0.06,3.1,4.3,2,34,25,23.9,-0.21,0,1.35,0,0.14,1.5
STWN/STWS,26,24.2,-0.2,0.2,1.2,-0.06,0.06,3.1,4.4,2,35,26,24.9,-0.21,0,1.35,0,0.14,1.5
STWN/STWS,28,25.9,-0.2,0.2,1.5,-0.06,0.06,3.1,4.6,2,38,28,26.6,-0.21,0,1.65,0,0.14,1.5
STWN/STWS,29,26.9,-0.2,0.2,1.5,-0.06,0.06,3.5,4.7,2,39,29,27.6,-0.21,0,1.65,0,0.14,1.5
STWN/STWS,30,27.9,-0.2,0.2,1.5,-0.06,0.06,3.5,4.8,2,40,30,28.6,-0.21,0,1.65,0,0.14,1.5
STWN/STWS,32,29.6,-0.2,0.2,1.5,-0.06,0.06,3.5,5,2.5,43,32,30.3,-0.25,0,1.65,0,0.14,1.5
STWN/STWS,35,32.2,-0.25,0.25,1.5,-0.06,0.06,4,5.4,2.5,46,35,33,-0.25,0,1.65,0,0.14,1.5
STWN/STWS,40,37,-0.4,0.4,1.75,-0.07,0.07,4.5,5.8,2.5,53,40,38,-0.25,0,1.9,0,0.14,2
STWN/STWS,45,41.5,-0.4,0.4,1.75,-0.07,0.07,4.8,6.3,2.5,58,45,42.5,-0.25,0,1.9,0,0.14,2
STWN/STWS,50,45.8,-0.4,0.4,2,-0.07,0.07,5,6.7,2.5,64,50,47,-0.25,0,2.2,0,0.14,2
STWN/STWS,52,47.8,-0.4,0.4,2,-0.07,0.07,5,6.8,2.5,66,52,49,-0.25,0,2.2,0,0.14,2
STWN/STWS,60,55.8,-0.45,0.45,2,-0.07,0.07,5.5,7.2,2.5,75,60,57,-0.3,0,2.2,0,0.14,2
STWN/STWS,80,74.5,-0.45,0.45,2.5,-0.08,0.08,7.4,8.2,2.5,97,80,76.5,-0.3,0,2.7,0,0.14,2.5